{
  "width": 611,
  "height": 769,
  "cx": [
    [ "gerer", 177 ],
    [ "utilisateurs", 312 ],
    [ "edition", 543 ],
    [ "appartient", 48 ],
    [ "livre", 177 ],
    [ "contient", 312 ],
    [ "exemplaire", 420 ],
    [ "paraitre", 543 ],
    [ "genre", 48 ],
    [ "ecrire", 177 ],
    [ "emprunt", 312 ],
    [ "concerne", 420 ],
    [ "auteur", 177 ],
    [ "effectuer", 312 ],
    [ "inscrit", 420 ],
    [ "possede", 177 ],
    [ "pays_origine", 312 ],
    [ "abonner", 420 ],
    [ "abonnement", 543 ]
  ],
  "cy": [
    [ "gerer", 68 ],
    [ "utilisateurs", 68 ],
    [ "edition", 152 ],
    [ "appartient", 253 ],
    [ "livre", 253 ],
    [ "contient", 253 ],
    [ "exemplaire", 253 ],
    [ "paraitre", 253 ],
    [ "genre", 379 ],
    [ "ecrire", 379 ],
    [ "emprunt", 379 ],
    [ "concerne", 379 ],
    [ "auteur", 523 ],
    [ "effectuer", 523 ],
    [ "inscrit", 523 ],
    [ "possede", 692 ],
    [ "pays_origine", 692 ],
    [ "abonner", 692 ],
    [ "abonnement", 692 ]
  ],
  "shift": [
    [ "gerer,livre,0", 0 ],
    [ "gerer,utilisateurs,0", 0 ],
    [ "appartient,livre,0", 0 ],
    [ "appartient,genre,0", 0 ],
    [ "contient,livre,0", 0 ],
    [ "contient,exemplaire,0", 0 ],
    [ "paraitre,exemplaire,0", 0 ],
    [ "paraitre,edition,0", 0 ],
    [ "ecrire,livre,0", 0 ],
    [ "ecrire,auteur,0", 0 ],
    [ "concerne,exemplaire,0", 0 ],
    [ "concerne,emprunt,0", 0 ],
    [ "effectuer,inscrit,0", 0 ],
    [ "effectuer,emprunt,0", 0 ],
    [ "possede,auteur,0", 0 ],
    [ "possede,pays_origine,0", 0 ],
    [ "abonner,abonnement,0", 0 ],
    [ "abonner,inscrit,0", 0 ]
  ],
  "ratio": []
}